{
"region0":  {
"point0": 
[396.853096,
596.752562,
69.766689
],
"point1": 
[461.257054,
602.437014,
69.766689
],
"point2": 
[547.462833,
602.437014,
69.766689
],
"point3": 
[611.126282,
591.161018,
69.766689
]
}
,
"region1":  {
"point0": 
[759.809301,
525.78728,
69.766689
],
"point1": 
[824.217029,
520.145693,
69.766689
],
"point2": 
[888.624756,
525.78728,
69.766689
]
}
,
"region2":  {
"point0": 
[930.943431,
592.831545,
69.766689
],
"point1": 
[995.091382,
600.907634,
69.766689
],
"point2": 
[1081.237505,
604.114146,
69.766689
],
"point3": 
[1145.808335,
600.829198,
69.766689
]
}
,
"region3":  {
"point0": 
[458.176572,
247.752397,
69.766689
],
"point1": 
[393.839432,
241.355892,
69.766689
],
"point2": 
[308.056578,
232.827219,
69.766689
],
"point3": 
[221.856832,
231.807468,
69.766689
],
"point4": 
[157.207021,
231.042655,
69.766689
]
}
,
"region4":  {
"point0": 
[745.239004,
307.227417,
69.766689
],
"point1": 
[680.710517,
311.259452,
69.766689
],
"point2": 
[616.462208,
304.024977,
69.766689
]
}
,
"region5":  {
"point0": 
[1128.537626,
241.799924,
69.766689
],
"point1": 
[1064.129321,
236.164928,
69.766689
],
"point2": 
[977.923543,
236.164928,
69.766689
],
"point3": 
[913.515238,
241.799924,
69.766689
]
}
}
